"Nazwa uczelni","Nazwa kierunku studiów","Podstawowe informacje","Liczba studentów","Udział kobiet wśród studentów","Liczba kobiet wśród studentów","Udział studentów cudzoziemców","Liczba studentów cudzoziemców"
"Akademia Bialska im. Jana Pawła II(strona rekrutacyjna)",informatyka,"profil studiów: praktyczne uzyskiwany tytuł: inżynier lub inny równorzędny język kształcenia: angielski",0,"",0,"",0
"Akademia Bialska im. Jana Pawła II(strona rekrutacyjna)",informatyka,"profil studiów: praktyczne uzyskiwany tytuł: inżynier lub inny równorzędny język kształcenia: polski",61,"11,5%",7,"34,4%",21
"Akademia Ekonomiczno-Humanistyczna w Warszawie(strona rekrutacyjna)",informatyka,"profil studiów: praktyczne uzyskiwany tytuł: inżynier lub inny równorzędny język kształcenia: angielski",616,"11,4%",70,"99,5%",613
"Akademia Ekonomiczno-Humanistyczna w Warszawie(strona rekrutacyjna)",informatyka,"profil studiów: praktyczne uzyskiwany tytuł: inżynier lub inny równorzędny język kształcenia: polski",314,"17,2%",54,"54,1%",170
"Akademia Finansów i Biznesu Vistula(strona rekrutacyjna)",informatyka,"profil studiów: ogólnoakademickie uzyskiwany tytuł: inżynier lub inny równorzędny język kształcenia: angielski",0,"",0,"",0
"Akademia Finansów i Biznesu Vistula(strona rekrutacyjna)",informatyka,"profil studiów: ogólnoakademickie uzyskiwany tytuł: inżynier lub inny równorzędny język kształcenia: polski",0,"",0,"",0
"Akademia Finansów i Biznesu Vistula(strona rekrutacyjna)",informatyka,"profil studiów: praktyczne uzyskiwany tytuł: inżynier lub inny równorzędny język kształcenia: angielski",457,"15,5%",71,"99,8%",456
"Akademia Finansów i Biznesu Vistula(strona rekrutacyjna)",informatyka,"profil studiów: praktyczne uzyskiwany tytuł: inżynier lub inny równorzędny język kształcenia: polski",302,"15,9%",48,"73,8%",223
"Akademia Górniczo-Hutnicza im. Stanisława Staszica w Krakowie(strona rekrutacyjna)",informatyka,"profil studiów: ogólnoakademickie uzyskiwany tytuł: inżynier lub inny równorzędny język kształcenia: polski",235,"10,2%",24,"0,9%",2
"Akademia Górnośląska im. Wojciecha Korfantego w Katowicach(strona rekrutacyjna)",informatyka,"profil studiów: praktyczne uzyskiwany tytuł: inżynier lub inny równorzędny język kształcenia: polski",0,"",0,"",0
"Akademia Handlowa Nauk Stosowanych w Radomiu(strona rekrutacyjna)",informatyka,"profil studiów: praktyczne uzyskiwany tytuł: inżynier lub inny równorzędny język kształcenia: polski",0,"",0,"",0
"Akademia Humanistyczno-Ekonomiczna w Łodzi(strona rekrutacyjna)",informatyka,"profil studiów: praktyczne uzyskiwany tytuł: inżynier lub inny równorzędny język kształcenia: angielski",0,"",0,"",0
"Akademia Humanistyczno-Ekonomiczna w Łodzi(strona rekrutacyjna)",informatyka,"profil studiów: praktyczne uzyskiwany tytuł: inżynier lub inny równorzędny język kształcenia: polski",36,"19,4%",7,"63,9%",23
"Akademia Humanitas(strona rekrutacyjna)",informatyka,"profil studiów: praktyczne uzyskiwany tytuł: licencjat lub inny równorzędny język kształcenia: polski",2,"0,0%",0,"50,0%",1
"Akademia Humanitas(strona rekrutacyjna)",informatyka,"profil studiów: praktyczne uzyskiwany tytuł: licencjat lub inny równorzędny język kształcenia: ukraiński",25,"8,0%",2,"100,0%",25
"Akademia Kujawsko-Pomorska(strona rekrutacyjna)",informatyka,"profil studiów: ogólnoakademickie uzyskiwany tytuł: inżynier lub inny równorzędny język kształcenia: polski",2,"0,0%",0,"100,0%",2
"Akademia Kultury Społecznej i Medialnej w Toruniu - Akademia Nauk Stosowanych(strona rekrutacyjna)",informatyka,"profil studiów: praktyczne uzyskiwany tytuł: inżynier lub inny równorzędny język kształcenia: polski",6,"50,0%",3,"0,0%",0
"Akademia Marynarki Wojennej im. Bohaterów Westerplatte(strona rekrutacyjna)",informatyka,"profil studiów: ogólnoakademickie uzyskiwany tytuł: inżynier lub inny równorzędny język kształcenia: polski",51,"15,7%",8,"2,0%",1
"Akademia Mazowiecka w Płocku(strona rekrutacyjna)",informatyka,"profil studiów: praktyczne uzyskiwany tytuł: inżynier lub inny równorzędny język kształcenia: polski",58,"6,9%",4,"6,9%",4
"Akademia Nauk Stosowanych Stefana Batorego(strona rekrutacyjna)",informatyka,"profil studiów: praktyczne uzyskiwany tytuł: inżynier lub inny równorzędny język kształcenia: polski",22,"27,3%",6,"4,5%",1
"Akademia Nauk Stosowanych im. Hipolita Cegielskiego w Gnieźnie Uczelnia Państwowa(strona rekrutacyjna)",informatyka,"profil studiów: praktyczne uzyskiwany tytuł: inżynier lub inny równorzędny język kształcenia: polski",22,"22,7%",5,"13,6%",3
"Akademia Nauk Stosowanych im. Jana Amosa Komeńskiego w Lesznie(strona rekrutacyjna)",informatyka,"profil studiów: praktyczne uzyskiwany tytuł: inżynier lub inny równorzędny język kształcenia: polski",38,"7,9%",3,"10,5%",4
"Akademia Nauk Stosowanych w Elblągu(strona rekrutacyjna)",informatyka,"profil studiów: praktyczne uzyskiwany tytuł: inżynier lub inny równorzędny język kształcenia: polski",81,"14,8%",12,"8,6%",7
"Akademia Nauk Stosowanych w Nowym Sączu(strona rekrutacyjna)",informatyka,"profil studiów: praktyczne uzyskiwany tytuł: inżynier lub inny równorzędny język kształcenia: polski",52,"7,7%",4,"5,8%",3
"Akademia Nauk Stosowanych w Wałczu(strona rekrutacyjna)",informatyka,"profil studiów: praktyczne uzyskiwany tytuł: inżynier lub inny równorzędny język kształcenia: polski",32,"18,8%",6,"0,0%",0
"Akademia Tarnowska(strona rekrutacyjna)",informatyka,"profil studiów: praktyczne uzyskiwany tytuł: inżynier lub inny równorzędny język kształcenia: polski",101,"6,9%",7,"7,9%",8
"Akademia WIT w Warszawie(strona rekrutacyjna)",informatyka,"profil studiów: praktyczne uzyskiwany tytuł: inżynier lub inny równorzędny język kształcenia: polski",73,"13,7%",10,"35,6%",26
"Akademia WSB (Wydział Zamiejscowy w Cieszynie, Cieszyn)(strona rekrutacyjna)",informatyka,"profil studiów: praktyczne uzyskiwany tytuł: inżynier lub inny równorzędny język kształcenia: polski",23,"17,4%",4,"0,0%",0
"Akademia WSB(strona rekrutacyjna)",informatyka,"profil studiów: praktyczne uzyskiwany tytuł: inżynier lub inny równorzędny język kształcenia: angielski",147,"10,2%",15,"96,6%",142
"Akademia WSB(strona rekrutacyjna)",informatyka,"profil studiów: praktyczne uzyskiwany tytuł: inżynier lub inny równorzędny język kształcenia: polski",73,"16,4%",12,"12,3%",9
"Akademia WSB(strona rekrutacyjna)",informatyka,"profil studiów: praktyczne uzyskiwany tytuł: inżynier lub inny równorzędny język kształcenia: rosyjski",0,"",0,"",0
"Akademia Wojsk Lądowych imienia generała Tadeusza Kościuszki(strona rekrutacyjna)",informatyka,"profil studiów: praktyczne uzyskiwany tytuł: inżynier lub inny równorzędny język kształcenia: polski",21,"19,0%",4,"0,0%",0
"Akademia Zamojska(strona rekrutacyjna)",informatyka,"profil studiów: praktyczne uzyskiwany tytuł: licencjat lub inny równorzędny język kształcenia: polski",15,"6,7%",1,"6,7%",1
"Akademia im. Jakuba z Paradyża(strona rekrutacyjna)",informatyka,"profil studiów: praktyczne uzyskiwany tytuł: inżynier lub inny równorzędny język kształcenia: polski",39,"10,3%",4,"25,6%",10
"Akademia Łomżyńska(strona rekrutacyjna)",informatyka,"profil studiów: praktyczne uzyskiwany tytuł: inżynier lub inny równorzędny język kształcenia: polski",38,"13,2%",5,"13,2%",5
"Akademia Śląska(strona rekrutacyjna)",informatyka,"profil studiów: praktyczne uzyskiwany tytuł: inżynier lub inny równorzędny język kształcenia: polski",49,"10,2%",5,"57,1%",28
"Collegium Da Vinci z siedzibą w Poznaniu(strona rekrutacyjna)",informatyka,"profil studiów: praktyczne uzyskiwany tytuł: inżynier lub inny równorzędny język kształcenia: angielski",86,"18,6%",16,"94,2%",81
"Collegium Da Vinci z siedzibą w Poznaniu(strona rekrutacyjna)",informatyka,"profil studiów: praktyczne uzyskiwany tytuł: inżynier lub inny równorzędny język kształcenia: polski",133,"16,5%",22,"52,6%",70
"Collegium Witelona Uczelnia Państwowa(strona rekrutacyjna)",informatyka,"profil studiów: praktyczne uzyskiwany tytuł: inżynier lub inny równorzędny język kształcenia: polski",116,"21,6%",25,"7,8%",9
"Katolicki Uniwersytet Lubelski Jana Pawła II w Lublinie(strona rekrutacyjna)",informatyka,"profil studiów: ogólnoakademickie uzyskiwany tytuł: licencjat lub inny równorzędny język kształcenia: angielski",9,"11,1%",1,"77,8%",7
"Katolicki Uniwersytet Lubelski Jana Pawła II w Lublinie(strona rekrutacyjna)",informatyka,"profil studiów: ogólnoakademickie uzyskiwany tytuł: licencjat lub inny równorzędny język kształcenia: polski",89,"19,1%",17,"18,0%",16
"Lubelska Akademia WSEI(strona rekrutacyjna)",informatyka,"profil studiów: praktyczne uzyskiwany tytuł: inżynier lub inny równorzędny język kształcenia: angielski",47,"21,3%",10,"100,0%",47
"Lubelska Akademia WSEI(strona rekrutacyjna)",informatyka,"profil studiów: praktyczne uzyskiwany tytuł: inżynier lub inny równorzędny język kształcenia: polski",0,"",0,"",0
"Lubelska Akademia WSEI(strona rekrutacyjna)",informatyka,"profil studiów: praktyczne uzyskiwany tytuł: inżynier lub inny równorzędny język kształcenia: polski",129,"7,8%",10,"76,7%",99
"Małopolska Uczelnia Państwowa im. rotmistrza Witolda Pileckiego w Oświęcimiu(strona rekrutacyjna)",informatyka,"profil studiów: praktyczne uzyskiwany tytuł: inżynier lub inny równorzędny język kształcenia: polski",26,"7,7%",2,"11,5%",3
"Menedżerska Akademia Nauk Stosowanych w Warszawie(strona rekrutacyjna)",informatyka,"profil studiów: praktyczne uzyskiwany tytuł: inżynier lub inny równorzędny język kształcenia: angielski",200,"19,0%",38,"100,0%",200
"Menedżerska Akademia Nauk Stosowanych w Warszawie(strona rekrutacyjna)",informatyka,"profil studiów: praktyczne uzyskiwany tytuł: inżynier lub inny równorzędny język kształcenia: polski",0,"",0,"",0
"Menedżerska Akademia Nauk Stosowanych w Warszawie(strona rekrutacyjna)",informatyka,"profil studiów: praktyczne uzyskiwany tytuł: inżynier lub inny równorzędny język kształcenia: rosyjski",0,"",0,"",0
"Państwowa Akademia Nauk Stosowanych im. Ignacego Mościckiego w Ciechanowie(strona rekrutacyjna)",informatyka,"profil studiów: praktyczne uzyskiwany tytuł: inżynier lub inny równorzędny język kształcenia: polski",30,"10,0%",3,"10,0%",3
"Państwowa Akademia Nauk Stosowanych im. ks. Bronisława Markiewicza w Jarosławiu(strona rekrutacyjna)",informatyka,"profil studiów: praktyczne uzyskiwany tytuł: inżynier lub inny równorzędny język kształcenia: polski",52,"3,8%",2,"9,6%",5
"Państwowa Akademia Nauk Stosowanych w Krośnie(strona rekrutacyjna)",informatyka,"profil studiów: praktyczne uzyskiwany tytuł: inżynier lub inny równorzędny język kształcenia: polski",64,"15,6%",10,"3,1%",2
"Państwowa Akademia Nauk Stosowanych w Nysie(strona rekrutacyjna)",informatyka,"profil studiów: praktyczne uzyskiwany tytuł: inżynier lub inny równorzędny język kształcenia: polski",39,"5,1%",2,"5,1%",2
"Państwowa Akademia Nauk Stosowanych we Włocławku(strona rekrutacyjna)",informatyka,"profil studiów: praktyczne uzyskiwany tytuł: inżynier lub inny równorzędny język kształcenia: polski",40,"5,0%",2,"0,0%",0
"Politechnika Białostocka(strona rekrutacyjna)",informatyka,"profil studiów: ogólnoakademickie uzyskiwany tytuł: inżynier lub inny równorzędny język kształcenia: polski",284,"9,9%",28,"3,5%",10
"Politechnika Częstochowska(strona rekrutacyjna)",informatyka,"profil studiów: ogólnoakademickie uzyskiwany tytuł: inżynier lub inny równorzędny język kształcenia: polski",236,"12,3%",29,"27,5%",65
"Politechnika Gdańska(strona rekrutacyjna)",informatyka,"profil studiów: ogólnoakademickie uzyskiwany tytuł: inżynier lub inny równorzędny język kształcenia: polski",297,"14,8%",44,"11,1%",33
"Politechnika Koszalińska(strona rekrutacyjna)",informatyka,"profil studiów: ogólnoakademickie uzyskiwany tytuł: inżynier lub inny równorzędny język kształcenia: polski",99,"8,1%",8,"15,2%",15
"Politechnika Krakowska im. Tadeusza Kościuszki(strona rekrutacyjna)",informatyka,"profil studiów: ogólnoakademickie uzyskiwany tytuł: inżynier lub inny równorzędny język kształcenia: polski",89,"19,1%",17,"1,1%",1
"Politechnika Lubelska(strona rekrutacyjna)",informatyka,"profil studiów: ogólnoakademickie uzyskiwany tytuł: inżynier lub inny równorzędny język kształcenia: polski",196,"13,3%",26,"21,9%",43
"Politechnika Morska w Szczecinie(strona rekrutacyjna)",informatyka,"profil studiów: ogólnoakademickie uzyskiwany tytuł: inżynier lub inny równorzędny język kształcenia: polski",74,"16,2%",12,"8,1%",6
"Politechnika Opolska(strona rekrutacyjna)",informatyka,"profil studiów: ogólnoakademickie uzyskiwany tytuł: inżynier lub inny równorzędny język kształcenia: angielski",32,"6,3%",2,"78,1%",25
"Politechnika Opolska(strona rekrutacyjna)",informatyka,"profil studiów: ogólnoakademickie uzyskiwany tytuł: inżynier lub inny równorzędny język kształcenia: polski",215,"12,1%",26,"28,8%",62
"Politechnika Poznańska(strona rekrutacyjna)",informatyka,"profil studiów: ogólnoakademickie uzyskiwany tytuł: inżynier lub inny równorzędny język kształcenia: polski",214,"13,6%",29,"1,9%",4
"Politechnika Rzeszowska im. Ignacego Łukasiewicza(strona rekrutacyjna)",informatyka,"profil studiów: ogólnoakademickie uzyskiwany tytuł: inżynier lub inny równorzędny język kształcenia: polski",139,"11,5%",16,"1,4%",2
"Politechnika Warszawska(strona rekrutacyjna)",informatyka,"profil studiów: ogólnoakademickie uzyskiwany tytuł: inżynier lub inny równorzędny język kształcenia: angielski",70,"18,6%",13,"78,6%",55
"Politechnika Warszawska(strona rekrutacyjna)",informatyka,"profil studiów: ogólnoakademickie uzyskiwany tytuł: inżynier lub inny równorzędny język kształcenia: polski",126,"16,7%",21,"9,5%",12
"Politechnika Wrocławska(strona rekrutacyjna)",informatyka,"profil studiów: ogólnoakademickie uzyskiwany tytuł: inżynier lub inny równorzędny język kształcenia: angielski",0,"",0,"",0
"Politechnika Wrocławska(strona rekrutacyjna)",informatyka,"profil studiów: ogólnoakademickie uzyskiwany tytuł: inżynier lub inny równorzędny język kształcenia: polski",0,"",0,"",0
"Politechnika Wrocławska(strona rekrutacyjna)",informatyka,"profil studiów: ogólnoakademickie uzyskiwany tytuł: inżynier lub inny równorzędny język kształcenia: polski",0,"",0,"",0
"Politechnika Wrocławska(strona rekrutacyjna)",informatyka,"profil studiów: ogólnoakademickie uzyskiwany tytuł: inżynier lub inny równorzędny język kształcenia: polski",0,"",0,"",0
"Politechnika Łódzka(strona rekrutacyjna)",informatyka,"profil studiów: ogólnoakademickie uzyskiwany tytuł: inżynier lub inny równorzędny język kształcenia: angielski",0,"",0,"",0
"Politechnika Łódzka(strona rekrutacyjna)",informatyka,"profil studiów: ogólnoakademickie uzyskiwany tytuł: inżynier lub inny równorzędny język kształcenia: angielski",193,"8,8%",17,"6,7%",13
"Politechnika Łódzka(strona rekrutacyjna)",informatyka,"profil studiów: ogólnoakademickie uzyskiwany tytuł: inżynier lub inny równorzędny język kształcenia: polski",0,"",0,"",0
"Politechnika Śląska(strona rekrutacyjna)",informatyka,"profil studiów: ogólnoakademickie uzyskiwany tytuł: inżynier lub inny równorzędny język kształcenia: polski",360,"12,5%",45,"10,0%",36
"Politechnika Śląska(strona rekrutacyjna)",informatyka,"profil studiów: praktyczne uzyskiwany tytuł: inżynier lub inny równorzędny język kształcenia: polski",134,"15,7%",21,"9,0%",12
"Politechnika Świętokrzyska(strona rekrutacyjna)",informatyka,"profil studiów: ogólnoakademickie uzyskiwany tytuł: inżynier lub inny równorzędny język kształcenia: angielski",51,"11,8%",6,"96,1%",49
"Politechnika Świętokrzyska(strona rekrutacyjna)",informatyka,"profil studiów: ogólnoakademickie uzyskiwany tytuł: inżynier lub inny równorzędny język kształcenia: polski",212,"8,0%",17,"11,3%",24
"Polsko-Japońska Akademia Technik Komputerowych (Wydział Informatyki w Gdańsku, Gdańsk)(strona rekrutacyjna)",informatyka,"profil studiów: ogólnoakademickie uzyskiwany tytuł: inżynier lub inny równorzędny język kształcenia: polski",0,"",0,"",0
"Polsko-Japońska Akademia Technik Komputerowych (Wydział Informatyki w Gdańsku, Gdańsk)(strona rekrutacyjna)",informatyka,"profil studiów: praktyczne uzyskiwany tytuł: inżynier lub inny równorzędny język kształcenia: polski",140,"9,3%",13,"13,6%",19
"Polsko-Japońska Akademia Technik Komputerowych(strona rekrutacyjna)",informatyka,"profil studiów: ogólnoakademickie uzyskiwany tytuł: inżynier lub inny równorzędny język kształcenia: angielski",532,"14,3%",76,"85,0%",452
"Polsko-Japońska Akademia Technik Komputerowych(strona rekrutacyjna)",informatyka,"profil studiów: ogólnoakademickie uzyskiwany tytuł: inżynier lub inny równorzędny język kształcenia: polski",673,"16,5%",111,"21,8%",147
"Społeczna Akademia Nauk z siedzibą w Łodzi (Filia w Warszawie, Warszawa)(strona rekrutacyjna)",informatyka,"profil studiów: ogólnoakademickie uzyskiwany tytuł: inżynier lub inny równorzędny język kształcenia: angielski",0,"",0,"",0
"Społeczna Akademia Nauk z siedzibą w Łodzi (Filia w Warszawie, Warszawa)(strona rekrutacyjna)",informatyka,"profil studiów: ogólnoakademickie uzyskiwany tytuł: inżynier lub inny równorzędny język kształcenia: polski",0,"",0,"",0
"Społeczna Akademia Nauk z siedzibą w Łodzi (Filia w Warszawie, Warszawa)(strona rekrutacyjna)",informatyka,"profil studiów: praktyczne uzyskiwany tytuł: inżynier lub inny równorzędny język kształcenia: polski",57,"24,6%",14,"86,0%",49
"Społeczna Akademia Nauk z siedzibą w Łodzi(strona rekrutacyjna)",informatyka,"profil studiów: ogólnoakademickie uzyskiwany tytuł: inżynier lub inny równorzędny język kształcenia: polski",57,"10,5%",6,"63,2%",36
"Szkoła Główna Gospodarstwa Wiejskiego w Warszawie(strona rekrutacyjna)",informatyka,"profil studiów: ogólnoakademickie uzyskiwany tytuł: inżynier lub inny równorzędny język kształcenia: polski",116,"16,4%",19,"14,7%",17
"Szkoła Wyższa im. Pawła Włodkowica w Płocku(strona rekrutacyjna)",informatyka,"profil studiów: praktyczne uzyskiwany tytuł: inżynier lub inny równorzędny język kształcenia: polski",0,"",0,"",0
"Uczelnia Techniczno-Handlowa im. Heleny Chodkowskiej(strona rekrutacyjna)",informatyka,"profil studiów: praktyczne uzyskiwany tytuł: inżynier lub inny równorzędny język kształcenia: polski",70,"8,6%",6,"7,1%",5
"Uniwersytet Bielsko-Bialski(strona rekrutacyjna)",informatyka,"profil studiów: ogólnoakademickie uzyskiwany tytuł: inżynier lub inny równorzędny język kształcenia: polski",106,"16,0%",17,"6,6%",7
"Uniwersytet Dolnośląski DSW we Wrocławiu(strona rekrutacyjna)",informatyka,"profil studiów: praktyczne uzyskiwany tytuł: inżynier lub inny równorzędny język kształcenia: polski",156,"19,9%",31,"25,6%",40
"Uniwersytet Ekonomiczny w Katowicach(strona rekrutacyjna)",informatyka,"profil studiów: ogólnoakademickie uzyskiwany tytuł: licencjat lub inny równorzędny język kształcenia: polski",0,"",0,"",0
"Uniwersytet Ekonomiczny w Katowicach(strona rekrutacyjna)",informatyka,"profil studiów: praktyczne uzyskiwany tytuł: licencjat lub inny równorzędny język kształcenia: polski",135,"17,0%",23,"0,0%",0
"Uniwersytet Gdański(strona rekrutacyjna)",informatyka,"profil studiów: ogólnoakademickie uzyskiwany tytuł: licencjat lub inny równorzędny język kształcenia: polski",31,"35,5%",11,"9,7%",3
"Uniwersytet Gdański(strona rekrutacyjna)",informatyka,"profil studiów: praktyczne uzyskiwany tytuł: licencjat lub inny równorzędny język kształcenia: polski",166,"28,3%",47,"7,2%",12
"Uniwersytet Jagielloński w Krakowie(strona rekrutacyjna)",informatyka,"profil studiów: ogólnoakademickie uzyskiwany tytuł: licencjat lub inny równorzędny język kształcenia: polski",84,"23,8%",20,"9,5%",8
"Uniwersytet Jana Długosza w Częstochowie(strona rekrutacyjna)",informatyka,"profil studiów: ogólnoakademickie uzyskiwany tytuł: inżynier lub inny równorzędny język kształcenia: polski",0,"",0,"",0
"Uniwersytet Jana Długosza w Częstochowie(strona rekrutacyjna)",informatyka,"profil studiów: praktyczne uzyskiwany tytuł: inżynier lub inny równorzędny język kształcenia: polski",53,"34,0%",18,"37,7%",20
"Uniwersytet Jana Kochanowskiego w Kielcach(strona rekrutacyjna)",informatyka,"profil studiów: ogólnoakademickie uzyskiwany tytuł: inżynier lub inny równorzędny język kształcenia: polski",48,"6,3%",3,"6,3%",3
"Uniwersytet Kaliski im. Prezydenta Stanisława Wojciechowskiego(strona rekrutacyjna)",informatyka,"profil studiów: praktyczne uzyskiwany tytuł: inżynier lub inny równorzędny język kształcenia: polski",47,"14,9%",7,"6,4%",3
"Uniwersytet Kardynała Stefana Wyszyńskiego w Warszawie(strona rekrutacyjna)",informatyka,"profil studiów: ogólnoakademickie uzyskiwany tytuł: licencjat lub inny równorzędny język kształcenia: polski",102,"25,5%",26,"12,7%",13
"Uniwersytet Kazimierza Wielkiego w Bydgoszczy(strona rekrutacyjna)",informatyka,"profil studiów: ogólnoakademickie uzyskiwany tytuł: inżynier lub inny równorzędny język kształcenia: polski",94,"13,8%",13,"23,4%",22
"Uniwersytet Komisji Edukacji Narodowej w Krakowie(strona rekrutacyjna)",informatyka,"profil studiów: ogólnoakademickie uzyskiwany tytuł: licencjat lub inny równorzędny język kształcenia: polski",0,"",0,"",0
"Uniwersytet Komisji Edukacji Narodowej w Krakowie(strona rekrutacyjna)",informatyka,"profil studiów: praktyczne uzyskiwany tytuł: inżynier lub inny równorzędny język kształcenia: polski",132,"20,5%",27,"9,8%",13
"Uniwersytet Marii Curie-Skłodowskiej w Lublinie(strona rekrutacyjna)",informatyka,"profil studiów: ogólnoakademickie uzyskiwany tytuł: licencjat lub inny równorzędny język kształcenia: polski",214,"11,2%",24,"16,4%",35
"Uniwersytet Mikołaja Kopernika w Toruniu(strona rekrutacyjna)",informatyka,"profil studiów: ogólnoakademickie uzyskiwany tytuł: inżynier lub inny równorzędny język kształcenia: polski",98,"15,3%",15,"8,2%",8
"Uniwersytet Mikołaja Kopernika w Toruniu(strona rekrutacyjna)",informatyka,"profil studiów: ogólnoakademickie uzyskiwany tytuł: licencjat lub inny równorzędny język kształcenia: polski",52,"23,1%",12,"11,5%",6
"Uniwersytet Morski w Gdyni(strona rekrutacyjna)",informatyka,"profil studiów: ogólnoakademickie uzyskiwany tytuł: inżynier lub inny równorzędny język kształcenia: polski",46,"15,2%",7,"6,5%",3
"Uniwersytet Opolski(strona rekrutacyjna)",informatyka,"profil studiów: ogólnoakademickie uzyskiwany tytuł: inżynier lub inny równorzędny język kształcenia: polski",76,"18,4%",14,"35,5%",27
"Uniwersytet Opolski(strona rekrutacyjna)",informatyka,"profil studiów: ogólnoakademickie uzyskiwany tytuł: licencjat lub inny równorzędny język kształcenia: polski",0,"",0,"",0
"Uniwersytet Pomorski w Słupsku(strona rekrutacyjna)",informatyka,"profil studiów: praktyczne uzyskiwany tytuł: inżynier lub inny równorzędny język kształcenia: polski",60,"16,7%",10,"66,7%",40
"Uniwersytet Radomski im. Kazimierza Pułaskiego(strona rekrutacyjna)",informatyka,"profil studiów: ogólnoakademickie uzyskiwany tytuł: inżynier lub inny równorzędny język kształcenia: polski",78,"17,9%",14,"50,0%",39
"Uniwersytet Rzeszowski(strona rekrutacyjna)",informatyka,"profil studiów: ogólnoakademickie uzyskiwany tytuł: inżynier lub inny równorzędny język kształcenia: polski",130,"5,4%",7,"3,1%",4
"Uniwersytet SWPS(strona rekrutacyjna)",informatyka,"profil studiów: praktyczne uzyskiwany tytuł: licencjat lub inny równorzędny język kształcenia: polski",39,"23,1%",9,"20,5%",8
"Uniwersytet WSB Merito w Gdańsku (Filia w Gdyni, Gdynia)(strona rekrutacyjna)",informatyka,"profil studiów: praktyczne uzyskiwany tytuł: inżynier lub inny równorzędny język kształcenia: polski",18,"16,7%",3,"5,6%",1
"Uniwersytet WSB Merito w Gdańsku (Filia w Gdyni, Gdynia)(strona rekrutacyjna)",informatyka,"profil studiów: praktyczne uzyskiwany tytuł: licencjat lub inny równorzędny język kształcenia: polski",0,"",0,"",0
"Uniwersytet WSB Merito w Gdańsku(strona rekrutacyjna)",informatyka,"profil studiów: praktyczne uzyskiwany tytuł: inżynier lub inny równorzędny język kształcenia: polski",112,"14,3%",16,"33,9%",38
"Uniwersytet WSB Merito w Gdańsku(strona rekrutacyjna)",informatyka,"profil studiów: praktyczne uzyskiwany tytuł: licencjat lub inny równorzędny język kształcenia: polski",31,"12,9%",4,"19,4%",6
"Uniwersytet WSB Merito w Poznaniu (Filia w Warszawie, Warszawa)(strona rekrutacyjna)",informatyka,"profil studiów: praktyczne uzyskiwany tytuł: inżynier lub inny równorzędny język kształcenia: angielski",38,"18,4%",7,"89,5%",34
"Uniwersytet WSB Merito w Poznaniu (Filia w Warszawie, Warszawa)(strona rekrutacyjna)",informatyka,"profil studiów: praktyczne uzyskiwany tytuł: inżynier lub inny równorzędny język kształcenia: polski",98,"13,3%",13,"55,1%",54
"Uniwersytet WSB Merito w Poznaniu (Filia w Warszawie, Warszawa)(strona rekrutacyjna)",informatyka,"profil studiów: praktyczne uzyskiwany tytuł: licencjat lub inny równorzędny język kształcenia: angielski",0,"",0,"",0
"Uniwersytet WSB Merito w Poznaniu (Filia w Warszawie, Warszawa)(strona rekrutacyjna)",informatyka,"profil studiów: praktyczne uzyskiwany tytuł: licencjat lub inny równorzędny język kształcenia: polski",17,"35,3%",6,"58,8%",10
"Uniwersytet WSB Merito w Poznaniu (Wydział Ekonomiczny w Szczecinie, Szczecin)(strona rekrutacyjna)",informatyka,"profil studiów: praktyczne uzyskiwany tytuł: inżynier lub inny równorzędny język kształcenia: polski",29,"24,1%",7,"27,6%",8
"Uniwersytet WSB Merito w Poznaniu (Wydział Zamiejscowy w Chorzowie, Chorzów)(strona rekrutacyjna)",informatyka,"profil studiów: praktyczne uzyskiwany tytuł: inżynier lub inny równorzędny język kształcenia: polski",104,"17,3%",18,"32,7%",34
"Uniwersytet WSB Merito w Poznaniu(strona rekrutacyjna)",informatyka,"profil studiów: praktyczne uzyskiwany tytuł: inżynier lub inny równorzędny język kształcenia: polski",144,"25,0%",36,"45,1%",65
"Uniwersytet WSB Merito we Wrocławiu(strona rekrutacyjna)",informatyka,"profil studiów: praktyczne uzyskiwany tytuł: inżynier lub inny równorzędny język kształcenia: polski",221,"14,5%",32,"63,8%",141
"Uniwersytet WSB Merito we Wrocławiu(strona rekrutacyjna)",informatyka,"profil studiów: praktyczne uzyskiwany tytuł: licencjat lub inny równorzędny język kształcenia: polski",85,"28,2%",24,"52,9%",45
"Uniwersytet Warmińsko-Mazurski w Olsztynie(strona rekrutacyjna)",informatyka,"profil studiów: ogólnoakademickie uzyskiwany tytuł: inżynier lub inny równorzędny język kształcenia: polski",165,"7,9%",13,"2,4%",4
"Uniwersytet Warszawski(strona rekrutacyjna)",informatyka,"profil studiów: ogólnoakademickie uzyskiwany tytuł: licencjat lub inny równorzędny język kształcenia: polski",179,"16,2%",29,"5,0%",9
"Uniwersytet Wrocławski(strona rekrutacyjna)",informatyka,"profil studiów: ogólnoakademickie uzyskiwany tytuł: inżynier lub inny równorzędny język kształcenia: polski",93,"24,7%",23,"5,4%",5
"Uniwersytet Wrocławski(strona rekrutacyjna)",informatyka,"profil studiów: ogólnoakademickie uzyskiwany tytuł: licencjat lub inny równorzędny język kształcenia: polski",5,"0,0%",0,"0,0%",0
"Uniwersytet Zielonogórski(strona rekrutacyjna)",informatyka,"profil studiów: ogólnoakademickie uzyskiwany tytuł: inżynier lub inny równorzędny język kształcenia: polski",123,"13,0%",16,"3,3%",4
"Uniwersytet im. Adama Mickiewicza w Poznaniu(strona rekrutacyjna)",informatyka,"profil studiów: ogólnoakademickie uzyskiwany tytuł: inżynier lub inny równorzędny język kształcenia: angielski",0,"",0,"",0
"Uniwersytet im. Adama Mickiewicza w Poznaniu(strona rekrutacyjna)",informatyka,"profil studiów: ogólnoakademickie uzyskiwany tytuł: inżynier lub inny równorzędny język kształcenia: polski",84,"19,0%",16,"6,0%",5
"Uniwersytet w Białymstoku (Filia Uniwersytetu w Białymstoku w Wilnie, Wydział Ekonomiczno-Informatyczny, Wilno)(strona rekrutacyjna)",informatyka,"profil studiów: ogólnoakademickie uzyskiwany tytuł: licencjat lub inny równorzędny język kształcenia: polski",0,"",0,"",0
"Uniwersytet w Białymstoku (Filia Uniwersytetu w Białymstoku w Wilnie, Wydział Ekonomiczno-Informatyczny, Wilno)(strona rekrutacyjna)",informatyka,"profil studiów: praktyczne uzyskiwany tytuł: licencjat lub inny równorzędny język kształcenia: polski",42,"7,1%",3,"100,0%",42
"Uniwersytet w Białymstoku(strona rekrutacyjna)",informatyka,"profil studiów: ogólnoakademickie uzyskiwany tytuł: licencjat lub inny równorzędny język kształcenia: polski",126,"19,0%",24,"10,3%",13
"Uniwersytet w Siedlcach(strona rekrutacyjna)",informatyka,"profil studiów: ogólnoakademickie uzyskiwany tytuł: inżynier lub inny równorzędny język kształcenia: polski",0,"",0,"",0
"Uniwersytet w Siedlcach(strona rekrutacyjna)",informatyka,"profil studiów: praktyczne uzyskiwany tytuł: inżynier lub inny równorzędny język kształcenia: polski",80,"3,8%",3,"15,0%",12
"Uniwersytet Łódzki(strona rekrutacyjna)",informatyka,"profil studiów: ogólnoakademickie uzyskiwany tytuł: licencjat lub inny równorzędny język kształcenia: polski",245,"16,3%",40,"69,8%",171
"Uniwersytet Łódzki(strona rekrutacyjna)",informatyka,"profil studiów: praktyczne uzyskiwany tytuł: inżynier lub inny równorzędny język kształcenia: polski",134,"21,6%",29,"10,4%",14
"Uniwersytet Łódzki(strona rekrutacyjna)",informatyka,"profil studiów: praktyczne uzyskiwany tytuł: licencjat lub inny równorzędny język kształcenia: polski",0,"",0,"",0
"Uniwersytet Śląski w Katowicach(strona rekrutacyjna)",informatyka,"profil studiów: ogólnoakademickie uzyskiwany tytuł: inżynier lub inny równorzędny język kształcenia: polski",137,"15,3%",21,"21,2%",29
"Warszawska Wyższa Szkoła Informatyki w Warszawie(strona rekrutacyjna)",informatyka,"profil studiów: ogólnoakademickie uzyskiwany tytuł: inżynier lub inny równorzędny język kształcenia: polski",0,"",0,"",0
"Warszawska Wyższa Szkoła Informatyki w Warszawie(strona rekrutacyjna)",informatyka,"profil studiów: praktyczne uzyskiwany tytuł: inżynier lub inny równorzędny język kształcenia: polski",66,"7,6%",5,"3,0%",2
"Wielkopolska Akademia Społeczno - Ekonomiczna w Środzie Wielkopolskiej - Akademia Nauk Stosowanych(strona rekrutacyjna)",informatyka,"profil studiów: praktyczne uzyskiwany tytuł: inżynier lub inny równorzędny język kształcenia: polski",5,"40,0%",2,"0,0%",0
"Wielkopolska Akademia Społeczno - Ekonomiczna w Środzie Wielkopolskiej - Akademia Nauk Stosowanych(strona rekrutacyjna)",informatyka,"profil studiów: praktyczne uzyskiwany tytuł: inżynier lub inny równorzędny język kształcenia: polski",17,"0,0%",0,"5,9%",1
"Wojskowa Akademia Techniczna im. Jarosława Dąbrowskiego(strona rekrutacyjna)",informatyka,"profil studiów: ogólnoakademickie uzyskiwany tytuł: inżynier lub inny równorzędny język kształcenia: polski",43,"9,3%",4,"20,9%",9
"Wrocławska Akademia Biznesu w Naukach Stosowanych(strona rekrutacyjna)",informatyka,"profil studiów: praktyczne uzyskiwany tytuł: inżynier lub inny równorzędny język kształcenia: angielski",27,"7,4%",2,"100,0%",27
"Wrocławska Akademia Biznesu w Naukach Stosowanych(strona rekrutacyjna)",informatyka,"profil studiów: praktyczne uzyskiwany tytuł: inżynier lub inny równorzędny język kształcenia: polski",123,"22,8%",28,"88,6%",109
"Wrocławska Akademia Biznesu w Naukach Stosowanych(strona rekrutacyjna)",informatyka,"profil studiów: praktyczne uzyskiwany tytuł: licencjat lub inny równorzędny język kształcenia: angielski",0,"",0,"",0
"Wrocławska Akademia Biznesu w Naukach Stosowanych(strona rekrutacyjna)",informatyka,"profil studiów: praktyczne uzyskiwany tytuł: licencjat lub inny równorzędny język kształcenia: polski",146,"19,9%",29,"91,1%",133
"Wrocławska Wyższa Szkoła Informatyki Stosowanej we Wrocławiu(strona rekrutacyjna)",informatyka,"profil studiów: praktyczne uzyskiwany tytuł: inżynier lub inny równorzędny język kształcenia: angielski",14,"0,0%",0,"92,9%",13
"Wrocławska Wyższa Szkoła Informatyki Stosowanej we Wrocławiu(strona rekrutacyjna)",informatyka,"profil studiów: praktyczne uzyskiwany tytuł: inżynier lub inny równorzędny język kształcenia: polski",34,"0,0%",0,"29,4%",10
"Wrocławska Wyższa Szkoła Informatyki Stosowanej we Wrocławiu(strona rekrutacyjna)",informatyka,"profil studiów: praktyczne uzyskiwany tytuł: licencjat lub inny równorzędny język kształcenia: polski",6,"16,7%",1,"66,7%",4
"Wyższa Szkoła Biznesu - National Louis University z siedzibą w Nowym Sączu(strona rekrutacyjna)",informatyka,"profil studiów: praktyczne uzyskiwany tytuł: inżynier lub inny równorzędny język kształcenia: angielski",0,"",0,"",0
"Wyższa Szkoła Biznesu - National Louis University z siedzibą w Nowym Sączu(strona rekrutacyjna)",informatyka,"profil studiów: praktyczne uzyskiwany tytuł: inżynier lub inny równorzędny język kształcenia: angielski",33,"18,2%",6,"21,2%",7
"Wyższa Szkoła Biznesu - National Louis University z siedzibą w Nowym Sączu(strona rekrutacyjna)",informatyka,"profil studiów: praktyczne uzyskiwany tytuł: inżynier lub inny równorzędny język kształcenia: polski",0,"",0,"",0
"Wyższa Szkoła Biznesu - National Louis University z siedzibą w Nowym Sączu(strona rekrutacyjna)",informatyka,"profil studiów: praktyczne uzyskiwany tytuł: inżynier lub inny równorzędny język kształcenia: rosyjski",0,"",0,"",0
"Wyższa Szkoła Ekologii i Zarządzania w Warszawie(strona rekrutacyjna)",informatyka,"profil studiów: praktyczne uzyskiwany tytuł: inżynier lub inny równorzędny język kształcenia: angielski",87,"10,3%",9,"100,0%",87
"Wyższa Szkoła Ekologii i Zarządzania w Warszawie(strona rekrutacyjna)",informatyka,"profil studiów: praktyczne uzyskiwany tytuł: inżynier lub inny równorzędny język kształcenia: polski",11,"0,0%",0,"27,3%",3
"Wyższa Szkoła Gospodarki w Bydgoszczy(strona rekrutacyjna)",informatyka,"profil studiów: praktyczne uzyskiwany tytuł: inżynier lub inny równorzędny język kształcenia: polski",0,"",0,"",0
"Wyższa Szkoła Gospodarki w Bydgoszczy(strona rekrutacyjna)",informatyka,"profil studiów: praktyczne uzyskiwany tytuł: inżynier lub inny równorzędny język kształcenia: ukraiński",0,"",0,"",0
"Wyższa Szkoła Informatyki i Umiejętności z siedzibą w Łodzi(strona rekrutacyjna)",informatyka,"profil studiów: praktyczne uzyskiwany tytuł: inżynier lub inny równorzędny język kształcenia: angielski",0,"",0,"",0
"Wyższa Szkoła Informatyki i Umiejętności z siedzibą w Łodzi(strona rekrutacyjna)",informatyka,"profil studiów: praktyczne uzyskiwany tytuł: inżynier lub inny równorzędny język kształcenia: polski",0,"",0,"",0
"Wyższa Szkoła Informatyki i Zarządzania z siedzibą w Rzeszowie(strona rekrutacyjna)",informatyka,"profil studiów: praktyczne uzyskiwany tytuł: inżynier lub inny równorzędny język kształcenia: polski",0,"",0,"",0
"Wyższa Szkoła Informatyki i Zarządzania z siedzibą w Rzeszowie(strona rekrutacyjna)",informatyka,"profil studiów: praktyczne uzyskiwany tytuł: inżynier lub inny równorzędny język kształcenia: polski",131,"7,6%",10,"54,2%",71
"Wyższa Szkoła Informatyki i Zarządzania z siedzibą w Rzeszowie(strona rekrutacyjna)",informatyka,"profil studiów: praktyczne uzyskiwany tytuł: licencjat lub inny równorzędny język kształcenia: angielski",108,"19,4%",21,"93,5%",101
"Wyższa Szkoła Informatyki i Zarządzania „COPERNICUS” we Wrocławiu w likwidacji",informatyka,"profil studiów: praktyczne uzyskiwany tytuł: inżynier lub inny równorzędny język kształcenia: polski",0,"",0,"",0
"Wyższa Szkoła Przedsiębiorczości i Administracji w Lublinie(strona rekrutacyjna)",informatyka,"profil studiów: praktyczne uzyskiwany tytuł: inżynier lub inny równorzędny język kształcenia: angielski",0,"",0,"",0
"Wyższa Szkoła Przedsiębiorczości i Administracji w Lublinie(strona rekrutacyjna)",informatyka,"profil studiów: praktyczne uzyskiwany tytuł: inżynier lub inny równorzędny język kształcenia: polski",107,"17,8%",19,"78,5%",84
"Wyższa Szkoła Technologii Informatycznych w Katowicach(strona rekrutacyjna)",informatyka,"profil studiów: praktyczne uzyskiwany tytuł: inżynier lub inny równorzędny język kształcenia: polski",26,"23,1%",6,"0,0%",0
"Wyższa Szkoła Turystyki i Ekologii w Suchej Beskidzkiej(strona rekrutacyjna)",informatyka,"profil studiów: praktyczne uzyskiwany tytuł: inżynier lub inny równorzędny język kształcenia: polski",15,"13,3%",2,"93,3%",14
"Wyższa Szkoła Zarządzania ""Edukacja"" we Wrocławiu(strona rekrutacyjna)",informatyka,"profil studiów: praktyczne uzyskiwany tytuł: inżynier lub inny równorzędny język kształcenia: polski",0,"",0,"",0
"Wyższa Szkoła Zarządzania i Bankowości w Krakowie(strona rekrutacyjna)",informatyka,"profil studiów: praktyczne uzyskiwany tytuł: inżynier lub inny równorzędny język kształcenia: angielski",0,"",0,"",0
"Wyższa Szkoła Zarządzania i Bankowości w Krakowie(strona rekrutacyjna)",informatyka,"profil studiów: praktyczne uzyskiwany tytuł: inżynier lub inny równorzędny język kształcenia: polski",50,"20,0%",10,"40,0%",20
"Zachodniopomorska Szkoła Biznesu - Akademia Nauk Stosowanych(strona rekrutacyjna)",informatyka,"profil studiów: praktyczne uzyskiwany tytuł: inżynier lub inny równorzędny język kształcenia: polski",21,"28,6%",6,"28,6%",6
"Zachodniopomorski Uniwersytet Technologiczny w Szczecinie(strona rekrutacyjna)",informatyka,"profil studiów: ogólnoakademickie uzyskiwany tytuł: inżynier lub inny równorzędny język kształcenia: polski",293,"13,7%",40,"10,2%",30
